REF_AREA,TIME_PERIOD,ENERGY_PRODUCT,FLOW_BREAKDOWN,UNIT_MEASURE,OBS_VALUE,ASSESSMENT_CODE
US,2026-01,CRUDEOIL,CLOSTLV,CONVBBL,7400.0000,3
US,2026-01,CRUDEOIL,CLOSTLV,KBBL,676671.0000,1
US,2026-01,CRUDEOIL,CLOSTLV,KBD,x,3
US,2026-01,CRUDEOIL,CLOSTLV,KL,107582.2443,1
US,2026-01,CRUDEOIL,CLOSTLV,KTONS,91442.0000,1
US,2026-01,CRUDEOIL,DIRECUSE,CONVBBL,..,3
US,2026-01,CRUDEOIL,DIRECUSE,KBBL,0.0000,1
US,2026-01,CRUDEOIL,DIRECUSE,KBD,0.0000,1
US,2026-01,CRUDEOIL,DIRECUSE,KL,-,3
US,2026-01,CRUDEOIL,DIRECUSE,KTONS,0.0000,1
US,2026-01,CRUDEOIL,INDPROD,CONVBBL,7400.0000,3
US,2026-01,CRUDEOIL,INDPROD,KBBL,410638.0000,1
US,2026-01,CRUDEOIL,INDPROD,KBD,13246.3871,1
US,2026-01,CRUDEOIL,INDPROD,KL,65286.7818,1
US,2026-01,CRUDEOIL,INDPROD,KTONS,55492.0000,1
US,2026-01,CRUDEOIL,OSOURCES,CONVBBL,..,3
US,2026-01,CRUDEOIL,OSOURCES,KBBL,-,3
US,2026-01,CRUDEOIL,OSOURCES,KBD,-,3
US,2026-01,CRUDEOIL,OSOURCES,KL,-,3
US,2026-01,CRUDEOIL,OSOURCES,KTONS,-,3
US,2026-01,CRUDEOIL,REFINOBS,CONVBBL,7381.0000,3
US,2026-01,CRUDEOIL,REFINOBS,KBBL,506378.0000,1
US,2026-01,CRUDEOIL,REFINOBS,KBD,16334.7742,1
US,2026-01,CRUDEOIL,REFINOBS,KL,80512.9591,1
US,2026-01,CRUDEOIL,REFINOBS,KTONS,68610.0000,1
US,2026-01,CRUDEOIL,STATDIFF,CONVBBL,6728.0000,3
US,2026-01,CRUDEOIL,STATDIFF,KBBL,-13429.0000,3
US,2026-01,CRUDEOIL,STATDIFF,KBD,-433.1935,3
US,2026-01,CRUDEOIL,STATDIFF,KL,-2135.0580,3
US,2026-01,CRUDEOIL,STATDIFF,KTONS,-1996.0000,3
US,2026-01,CRUDEOIL,STOCKCH,CONVBBL,7400.0000,3
US,2026-01,CRUDEOIL,STOCKCH,KBBL,-3352.0000,1
US,2026-01,CRUDEOIL,STOCKCH,KBD,x,3
US,2026-01,CRUDEOIL,STOCKCH,KL,-532.9581,1
US,2026-01,CRUDEOIL,STOCKCH,KTONS,-453.0000,1
US,2026-01,CRUDEOIL,TOTEXPSB,CONVBBL,7400.0000,3
US,2026-01,CRUDEOIL,TOTEXPSB,KBBL,121579.0000,1
US,2026-01,CRUDEOIL,TOTEXPSB,KBD,3921.9032,1
US,2026-01,CRUDEOIL,TOTEXPSB,KL,19330.0264,1
US,2026-01,CRUDEOIL,TOTEXPSB,KTONS,16430.0000,1
US,2026-01,CRUDEOIL,TOTIMPSB,CONVBBL,7400.0000,3
US,2026-01,CRUDEOIL,TOTIMPSB,KBBL,200538.0000,1
US,2026-01,CRUDEOIL,TOTIMPSB,KBD,6468.9677,1
US,2026-01,CRUDEOIL,TOTIMPSB,KL,31882.1902,1
US,2026-01,CRUDEOIL,TOTIMPSB,KTONS,27099.0000,1
US,2026-01,CRUDEOIL,TRANSBAK,CONVBBL,..,3
US,2026-01,CRUDEOIL,TRANSBAK,KBBL,-,3
US,2026-01,CRUDEOIL,TRANSBAK,KBD,-,3
US,2026-01,CRUDEOIL,TRANSBAK,KL,-,3
US,2026-01,CRUDEOIL,TRANSBAK,KTONS,-,3
US,2026-02,CRUDEOIL,CLOSTLV,CONVBBL,7400.0000,3
US,2026-02,CRUDEOIL,CLOSTLV,KBBL,705664.0000,1
US,2026-02,CRUDEOIL,CLOSTLV,KBD,x,3
US,2026-02,CRUDEOIL,CLOSTLV,KL,112191.8026,1
US,2026-02,CRUDEOIL,CLOSTLV,KTONS,95360.0000,1
US,2026-02,CRUDEOIL,DIRECUSE,CONVBBL,..,3
US,2026-02,CRUDEOIL,DIRECUSE,KBBL,0.0000,1
US,2026-02,CRUDEOIL,DIRECUSE,KBD,0.0000,1
US,2026-02,CRUDEOIL,DIRECUSE,KL,-,3
US,2026-02,CRUDEOIL,DIRECUSE,KTONS,0.0000,1
US,2026-02,CRUDEOIL,INDPROD,CONVBBL,7400.0000,3
US,2026-02,CRUDEOIL,INDPROD,KBBL,381515.0000,1
US,2026-02,CRUDEOIL,INDPROD,KBD,13625.5357,1
US,2026-02,CRUDEOIL,INDPROD,KL,60656.0463,1
US,2026-02,CRUDEOIL,INDPROD,KTONS,51556.0000,1
US,2026-02,CRUDEOIL,OSOURCES,CONVBBL,..,3
US,2026-02,CRUDEOIL,OSOURCES,KBBL,-,3
US,2026-02,CRUDEOIL,OSOURCES,KBD,-,3
US,2026-02,CRUDEOIL,OSOURCES,KL,-,3
US,2026-02,CRUDEOIL,OSOURCES,KTONS,-,3
US,2026-02,CRUDEOIL,REFINOBS,CONVBBL,7405.0000,3
US,2026-02,CRUDEOIL,REFINOBS,KBBL,445433.0000,1
US,2026-02,CRUDEOIL,REFINOBS,KBD,15908.3214,1
US,2026-02,CRUDEOIL,REFINOBS,KL,70814.7715,1
US,2026-02,CRUDEOIL,REFINOBS,KTONS,60150.0000,1
US,2026-02,CRUDEOIL,STATDIFF,CONVBBL,7467.0000,3
US,2026-02,CRUDEOIL,STATDIFF,KBBL,-33773.0000,3
US,2026-02,CRUDEOIL,STATDIFF,KBD,-1206.1786,3
US,2026-02,CRUDEOIL,STATDIFF,KL,-5369.5254,3
US,2026-02,CRUDEOIL,STATDIFF,KTONS,-4523.0000,3
US,2026-02,CRUDEOIL,STOCKCH,CONVBBL,7400.0000,3
US,2026-02,CRUDEOIL,STOCKCH,KBBL,28993.0000,1
US,2026-02,CRUDEOIL,STOCKCH,KBD,x,3
US,2026-02,CRUDEOIL,STOCKCH,KL,4609.5583,1
US,2026-02,CRUDEOIL,STOCKCH,KTONS,3918.0000,1
US,2026-02,CRUDEOIL,TOTEXPSB,CONVBBL,7400.0000,3
US,2026-02,CRUDEOIL,TOTEXPSB,KBBL,121661.0000,1
US,2026-02,CRUDEOIL,TOTEXPSB,KBD,4345.0357,1
US,2026-02,CRUDEOIL,TOTEXPSB,KL,19342.9680,1
US,2026-02,CRUDEOIL,TOTEXPSB,KTONS,16441.0000,1
US,2026-02,CRUDEOIL,TOTIMPSB,CONVBBL,7401.0000,3
US,2026-02,CRUDEOIL,TOTIMPSB,KBBL,180799.0000,1
US,2026-02,CRUDEOIL,TOTIMPSB,KBD,6457.1071,1
US,2026-02,CRUDEOIL,TOTIMPSB,KL,28745.9744,1
US,2026-02,CRUDEOIL,TOTIMPSB,KTONS,24430.0000,1
US,2026-02,CRUDEOIL,TRANSBAK,CONVBBL,..,3
US,2026-02,CRUDEOIL,TRANSBAK,KBBL,-,3
US,2026-02,CRUDEOIL,TRANSBAK,KBD,-,3
US,2026-02,CRUDEOIL,TRANSBAK,KL,-,3
US,2026-02,CRUDEOIL,TRANSBAK,KTONS,-,3
US,2026-03,CRUDEOIL,CLOSTLV,CONVBBL,7400.0000,3
US,2026-03,CRUDEOIL,CLOSTLV,KBBL,723565.0000,1
US,2026-03,CRUDEOIL,CLOSTLV,KBD,x,3
US,2026-03,CRUDEOIL,CLOSTLV,KL,115037.7754,1
US,2026-03,CRUDEOIL,CLOSTLV,KTONS,97779.0000,1
US,2026-03,CRUDEOIL,DIRECUSE,CONVBBL,..,3
US,2026-03,CRUDEOIL,DIRECUSE,KBBL,0.0000,1
US,2026-03,CRUDEOIL,DIRECUSE,KBD,0.0000,1
US,2026-03,CRUDEOIL,DIRECUSE,KL,-,3
US,2026-03,CRUDEOIL,DIRECUSE,KTONS,0.0000,1
US,2026-03,CRUDEOIL,INDPROD,CONVBBL,7400.0000,3
US,2026-03,CRUDEOIL,INDPROD,KBBL,424566.0000,1
US,2026-03,CRUDEOIL,INDPROD,KBD,13695.6774,1
US,2026-03,CRUDEOIL,INDPROD,KL,67500.9698,1
US,2026-03,CRUDEOIL,INDPROD,KTONS,57374.0000,1
US,2026-03,CRUDEOIL,OSOURCES,CONVBBL,..,3
US,2026-03,CRUDEOIL,OSOURCES,KBBL,-,3
US,2026-03,CRUDEOIL,OSOURCES,KBD,-,3
US,2026-03,CRUDEOIL,OSOURCES,KL,-,3
US,2026-03,CRUDEOIL,OSOURCES,KTONS,-,3
US,2026-03,CRUDEOIL,REFINOBS,CONVBBL,7406.0000,3
US,2026-03,CRUDEOIL,REFINOBS,KBBL,508285.0000,1
US,2026-03,CRUDEOIL,REFINOBS,KBD,16396.2903,1
US,2026-03,CRUDEOIL,REFINOBS,KL,80813.9216,1
US,2026-03,CRUDEOIL,REFINOBS,KTONS,68634.0000,1
US,2026-03,CRUDEOIL,STATDIFF,CONVBBL,7526.0000,3
US,2026-03,CRUDEOIL,STATDIFF,KBBL,-24338.0000,3
US,2026-03,CRUDEOIL,STATDIFF,KBD,-785.0968,3
US,2026-03,CRUDEOIL,STATDIFF,KL,-3869.6118,3
US,2026-03,CRUDEOIL,STATDIFF,KTONS,-3234.0000,3
US,2026-03,CRUDEOIL,STOCKCH,CONVBBL,7400.0000,3
US,2026-03,CRUDEOIL,STOCKCH,KBBL,17901.0000,1
US,2026-03,CRUDEOIL,STOCKCH,KBD,x,3
US,2026-03,CRUDEOIL,STOCKCH,KL,2845.9728,1
US,2026-03,CRUDEOIL,STOCKCH,KTONS,2419.0000,1
US,2026-03,CRUDEOIL,TOTEXPSB,CONVBBL,7400.0000,3
US,2026-03,CRUDEOIL,TOTEXPSB,KBBL,125331.0000,1
US,2026-03,CRUDEOIL,TOTEXPSB,KBD,4042.9355,1
US,2026-03,CRUDEOIL,TOTEXPSB,KL,19926.5159,1
US,2026-03,CRUDEOIL,TOTEXPSB,KTONS,16937.0000,1
US,2026-03,CRUDEOIL,TOTIMPSB,CONVBBL,7399.0000,3
US,2026-03,CRUDEOIL,TOTIMPSB,KBBL,202613.0000,1
US,2026-03,CRUDEOIL,TOTIMPSB,KBD,6535.9032,1
US,2026-03,CRUDEOIL,TOTIMPSB,KL,32210.7886,1
US,2026-03,CRUDEOIL,TOTIMPSB,KTONS,27382.0000,1
US,2026-03,CRUDEOIL,TRANSBAK,CONVBBL,..,3
US,2026-03,CRUDEOIL,TRANSBAK,KBBL,-,3
US,2026-03,CRUDEOIL,TRANSBAK,KBD,-,3
US,2026-03,CRUDEOIL,TRANSBAK,KL,-,3
US,2026-03,CRUDEOIL,TRANSBAK,KTONS,-,3
US,2026-04,CRUDEOIL,CLOSTLV,CONVBBL,7400.0000,3
US,2026-04,CRUDEOIL,CLOSTLV,KBBL,700018.0000,1
US,2026-04,CRUDEOIL,CLOSTLV,KBD,x,3
US,2026-04,CRUDEOIL,CLOSTLV,KL,111294.1270,1
US,2026-04,CRUDEOIL,CLOSTLV,KTONS,94597.0000,1
US,2026-04,CRUDEOIL,DIRECUSE,CONVBBL,..,3
US,2026-04,CRUDEOIL,DIRECUSE,KBBL,0.0000,1
US,2026-04,CRUDEOIL,DIRECUSE,KBD,0.0000,1
US,2026-04,CRUDEOIL,DIRECUSE,KL,-,3
US,2026-04,CRUDEOIL,DIRECUSE,KTONS,0.0000,1
US,2026-04,CRUDEOIL,INDPROD,CONVBBL,7400.0000,3
US,2026-04,CRUDEOIL,INDPROD,KBBL,418015.0000,1
US,2026-04,CRUDEOIL,INDPROD,KBD,13933.8333,1
US,2026-04,CRUDEOIL,INDPROD,KL,66459.7602,1
US,2026-04,CRUDEOIL,INDPROD,KTONS,56489.0000,1
US,2026-04,CRUDEOIL,OSOURCES,CONVBBL,..,3
US,2026-04,CRUDEOIL,OSOURCES,KBBL,-,3
US,2026-04,CRUDEOIL,OSOURCES,KBD,-,3
US,2026-04,CRUDEOIL,OSOURCES,KL,-,3
US,2026-04,CRUDEOIL,OSOURCES,KTONS,-,3
US,2026-04,CRUDEOIL,REFINOBS,CONVBBL,7399.0000,3
US,2026-04,CRUDEOIL,REFINOBS,KBBL,484339.0000,1
US,2026-04,CRUDEOIL,REFINOBS,KBD,16144.6333,1
US,2026-04,CRUDEOIL,REFINOBS,KL,77006.1589,1
US,2026-04,CRUDEOIL,REFINOBS,KTONS,65462.0000,1
US,2026-04,CRUDEOIL,STATDIFF,CONVBBL,7373.0000,3
US,2026-04,CRUDEOIL,STATDIFF,KBBL,-22871.0000,3
US,2026-04,CRUDEOIL,STATDIFF,KBD,-762.3667,3
US,2026-04,CRUDEOIL,STATDIFF,KL,-3636.2120,3
US,2026-04,CRUDEOIL,STATDIFF,KTONS,-3102.0000,3
US,2026-04,CRUDEOIL,STOCKCH,CONVBBL,7400.0000,3
US,2026-04,CRUDEOIL,STOCKCH,KBBL,-23547.0000,1
US,2026-04,CRUDEOIL,STOCKCH,KBD,x,3
US,2026-04,CRUDEOIL,STOCKCH,KL,-3743.6484,1
US,2026-04,CRUDEOIL,STOCKCH,KTONS,-3182.0000,1
US,2026-04,CRUDEOIL,TOTEXPSB,CONVBBL,7400.0000,3
US,2026-04,CRUDEOIL,TOTEXPSB,KBBL,167799.0000,1
US,2026-04,CRUDEOIL,TOTEXPSB,KBD,5593.3000,1
US,2026-04,CRUDEOIL,TOTEXPSB,KL,26677.3188,1
US,2026-04,CRUDEOIL,TOTEXPSB,KTONS,22675.0000,1
US,2026-04,CRUDEOIL,TOTIMPSB,CONVBBL,7400.0000,3
US,2026-04,CRUDEOIL,TOTIMPSB,KBBL,187705.0000,1
US,2026-04,CRUDEOIL,TOTIMPSB,KBD,6256.8333,1
US,2026-04,CRUDEOIL,TOTIMPSB,KL,29840.9488,1
US,2026-04,CRUDEOIL,TOTIMPSB,KTONS,25364.0000,1
US,2026-04,CRUDEOIL,TRANSBAK,CONVBBL,..,3
US,2026-04,CRUDEOIL,TRANSBAK,KBBL,-,3
US,2026-04,CRUDEOIL,TRANSBAK,KBD,-,3
US,2026-04,CRUDEOIL,TRANSBAK,KL,-,3
US,2026-04,CRUDEOIL,TRANSBAK,KTONS,-,3
US,2026-05,CRUDEOIL,CLOSTLV,CONVBBL,7400.0000,3
US,2026-05,CRUDEOIL,CLOSTLV,KBBL,635904.0000,1
US,2026-05,CRUDEOIL,CLOSTLV,KBD,x,3
US,2026-05,CRUDEOIL,CLOSTLV,KL,101100.8617,1
US,2026-05,CRUDEOIL,CLOSTLV,KTONS,85933.0000,1
US,2026-05,CRUDEOIL,DIRECUSE,CONVBBL,..,3
US,2026-05,CRUDEOIL,DIRECUSE,KBBL,0.0000,1
US,2026-05,CRUDEOIL,DIRECUSE,KBD,0.0000,1
US,2026-05,CRUDEOIL,DIRECUSE,KL,-,3
US,2026-05,CRUDEOIL,DIRECUSE,KTONS,0.0000,1
US,2026-05,CRUDEOIL,INDPROD,CONVBBL,7400.0000,3
US,2026-05,CRUDEOIL,INDPROD,KBBL,425149.0000,1
US,2026-05,CRUDEOIL,INDPROD,KBD,13714.4839,1
US,2026-05,CRUDEOIL,INDPROD,KL,67593.9140,1
US,2026-05,CRUDEOIL,INDPROD,KTONS,57453.0000,1
US,2026-05,CRUDEOIL,OSOURCES,CONVBBL,..,3
US,2026-05,CRUDEOIL,OSOURCES,KBBL,-,3
US,2026-05,CRUDEOIL,OSOURCES,KBD,-,3
US,2026-05,CRUDEOIL,OSOURCES,KL,-,3
US,2026-05,CRUDEOIL,OSOURCES,KTONS,-,3
US,2026-05,CRUDEOIL,REFINOBS,CONVBBL,7399.0000,3
US,2026-05,CRUDEOIL,REFINOBS,KBBL,520392.0000,1
US,2026-05,CRUDEOIL,REFINOBS,KBD,16786.8387,1
US,2026-05,CRUDEOIL,REFINOBS,KL,82737.3312,1
US,2026-05,CRUDEOIL,REFINOBS,KTONS,70334.0000,1
US,2026-05,CRUDEOIL,STATDIFF,CONVBBL,7375.0000,3
US,2026-05,CRUDEOIL,STATDIFF,KBBL,-24159.0000,3
US,2026-05,CRUDEOIL,STATDIFF,KBD,-779.3226,3
US,2026-05,CRUDEOIL,STATDIFF,KL,-3841.2191,3
US,2026-05,CRUDEOIL,STATDIFF,KTONS,-3276.0000,3
US,2026-05,CRUDEOIL,STOCKCH,CONVBBL,7400.0000,3
US,2026-05,CRUDEOIL,STOCKCH,KBBL,-64114.0000,1
US,2026-05,CRUDEOIL,STOCKCH,KBD,x,3
US,2026-05,CRUDEOIL,STOCKCH,KL,-10193.2653,1
US,2026-05,CRUDEOIL,STOCKCH,KTONS,-8664.0000,1
US,2026-05,CRUDEOIL,TOTEXPSB,CONVBBL,7400.0000,3
US,2026-05,CRUDEOIL,TOTEXPSB,KBBL,177580.0000,1
US,2026-05,CRUDEOIL,TOTEXPSB,KBD,5728.3871,1
US,2026-05,CRUDEOIL,TOTEXPSB,KL,28233.8389,1
US,2026-05,CRUDEOIL,TOTEXPSB,KTONS,23998.0000,1
US,2026-05,CRUDEOIL,TOTIMPSB,CONVBBL,7400.0000,3
US,2026-05,CRUDEOIL,TOTIMPSB,KBBL,184550.0000,1
US,2026-05,CRUDEOIL,TOTIMPSB,KBD,5953.2258,1
US,2026-05,CRUDEOIL,TOTIMPSB,KL,29340.9329,1
US,2026-05,CRUDEOIL,TOTIMPSB,KTONS,24939.0000,1
US,2026-05,CRUDEOIL,TRANSBAK,CONVBBL,..,3
US,2026-05,CRUDEOIL,TRANSBAK,KBBL,-,3
US,2026-05,CRUDEOIL,TRANSBAK,KBD,-,3
US,2026-05,CRUDEOIL,TRANSBAK,KL,-,3
US,2026-05,CRUDEOIL,TRANSBAK,KTONS,-,3
US,2026-06,CRUDEOIL,CLOSTLV,CONVBBL,7400.0000,3
US,2026-06,CRUDEOIL,CLOSTLV,KBBL,668715.0000,1
US,2026-06,CRUDEOIL,CLOSTLV,KBD,x,3
US,2026-06,CRUDEOIL,CLOSTLV,KL,106317.4982,1
US,2026-06,CRUDEOIL,CLOSTLV,KTONS,90367.0000,1
US,2026-06,CRUDEOIL,DIRECUSE,CONVBBL,..,3
US,2026-06,CRUDEOIL,DIRECUSE,KBBL,0.0000,1
US,2026-06,CRUDEOIL,DIRECUSE,KBD,0.0000,1
US,2026-06,CRUDEOIL,DIRECUSE,KL,-,3
US,2026-06,CRUDEOIL,DIRECUSE,KTONS,0.0000,1
US,2026-06,CRUDEOIL,INDPROD,CONVBBL,7400.0000,3
US,2026-06,CRUDEOIL,INDPROD,KBBL,414540.0000,1
US,2026-06,CRUDEOIL,INDPROD,KBD,13818.0000,1
US,2026-06,CRUDEOIL,INDPROD,KL,65906.8015,1
US,2026-06,CRUDEOIL,INDPROD,KTONS,56019.0000,1
US,2026-06,CRUDEOIL,OSOURCES,CONVBBL,..,3
US,2026-06,CRUDEOIL,OSOURCES,KBBL,-,3
US,2026-06,CRUDEOIL,OSOURCES,KBD,-,3
US,2026-06,CRUDEOIL,OSOURCES,KL,-,3
US,2026-06,CRUDEOIL,OSOURCES,KTONS,-,3
US,2026-06,CRUDEOIL,REFINOBS,CONVBBL,7400.0000,3
US,2026-06,CRUDEOIL,REFINOBS,KBBL,513462.0000,1
US,2026-06,CRUDEOIL,REFINOBS,KBD,17115.4000,1
US,2026-06,CRUDEOIL,REFINOBS,KL,81634.3604,1
US,2026-06,CRUDEOIL,REFINOBS,KTONS,69387.0000,1
US,2026-06,CRUDEOIL,STATDIFF,CONVBBL,7400.0000,3
US,2026-06,CRUDEOIL,STATDIFF,KBBL,-94857.0000,3
US,2026-06,CRUDEOIL,STATDIFF,KBD,-3161.9000,3
US,2026-06,CRUDEOIL,STATDIFF,KL,-15080.4795,3
US,2026-06,CRUDEOIL,STATDIFF,KTONS,-12818.0000,3
US,2026-06,CRUDEOIL,STOCKCH,CONVBBL,7400.0000,3
US,2026-06,CRUDEOIL,STOCKCH,KBBL,32811.0000,1
US,2026-06,CRUDEOIL,STOCKCH,KBD,x,3
US,2026-06,CRUDEOIL,STOCKCH,KL,5216.6365,1
US,2026-06,CRUDEOIL,STOCKCH,KTONS,4434.0000,1
US,2026-06,CRUDEOIL,TOTEXPSB,CONVBBL,7400.0000,3
US,2026-06,CRUDEOIL,TOTEXPSB,KBBL,126699.0000,2
US,2026-06,CRUDEOIL,TOTEXPSB,KBD,4223.3000,2
US,2026-06,CRUDEOIL,TOTEXPSB,KL,20142.9934,2
US,2026-06,CRUDEOIL,TOTEXPSB,KTONS,17121.0000,2
US,2026-06,CRUDEOIL,TOTIMPSB,CONVBBL,7400.0000,3
US,2026-06,CRUDEOIL,TOTIMPSB,KBBL,163575.0000,1
US,2026-06,CRUDEOIL,TOTIMPSB,KBD,5452.5000,1
US,2026-06,CRUDEOIL,TOTIMPSB,KL,26006.7093,1
US,2026-06,CRUDEOIL,TOTIMPSB,KTONS,22105.0000,1
US,2026-06,CRUDEOIL,TRANSBAK,CONVBBL,..,3
US,2026-06,CRUDEOIL,TRANSBAK,KBBL,-,3
US,2026-06,CRUDEOIL,TRANSBAK,KBD,-,3
US,2026-06,CRUDEOIL,TRANSBAK,KL,-,3
US,2026-06,CRUDEOIL,TRANSBAK,KTONS,-,3
US,2026-01,OTHERCRUDE,CLOSTLV,CONVBBL,7461.0000,3
US,2026-01,OTHERCRUDE,CLOSTLV,KBBL,81230.0000,1
US,2026-01,OTHERCRUDE,CLOSTLV,KBD,x,3
US,2026-01,OTHERCRUDE,CLOSTLV,KL,12914.2273,1
US,2026-01,OTHERCRUDE,CLOSTLV,KTONS,10887.0000,1
US,2026-01,OTHERCRUDE,DIRECUSE,CONVBBL,7661.0000,3
US,2026-01,OTHERCRUDE,DIRECUSE,KBBL,33051.0000,1
US,2026-01,OTHERCRUDE,DIRECUSE,KBD,1066.1613,1
US,2026-01,OTHERCRUDE,DIRECUSE,KL,5254.4682,1
US,2026-01,OTHERCRUDE,DIRECUSE,KTONS,4314.0000,1
US,2026-01,OTHERCRUDE,INDPROD,CONVBBL,7400.0000,3
US,2026-01,OTHERCRUDE,INDPROD,KBBL,0.0000,1
US,2026-01,OTHERCRUDE,INDPROD,KBD,0.0000,1
US,2026-01,OTHERCRUDE,INDPROD,KL,0.0000,1
US,2026-01,OTHERCRUDE,INDPROD,KTONS,0.0000,1
US,2026-01,OTHERCRUDE,OSOURCES,CONVBBL,8997.0000,3
US,2026-01,OTHERCRUDE,OSOURCES,KBBL,34090.0000,1
US,2026-01,OTHERCRUDE,OSOURCES,KBD,1099.6774,1
US,2026-01,OTHERCRUDE,OSOURCES,KL,5419.8278,1
US,2026-01,OTHERCRUDE,OSOURCES,KTONS,3789.0000,1
US,2026-01,OTHERCRUDE,REFINOBS,CONVBBL,19565.0000,3
US,2026-01,OTHERCRUDE,REFINOBS,KBBL,7063.0000,1
US,2026-01,OTHERCRUDE,REFINOBS,KBD,227.8387,1
US,2026-01,OTHERCRUDE,REFINOBS,KL,1122.9236,1
US,2026-01,OTHERCRUDE,REFINOBS,KTONS,361.0000,1
US,2026-01,OTHERCRUDE,STATDIFF,CONVBBL,9266.0000,3
US,2026-01,OTHERCRUDE,STATDIFF,KBBL,-4939.0000,3
US,2026-01,OTHERCRUDE,STATDIFF,KBD,-159.3226,3
US,2026-01,OTHERCRUDE,STATDIFF,KL,-785.2043,3
US,2026-01,OTHERCRUDE,STATDIFF,KTONS,-533.0000,3
US,2026-01,OTHERCRUDE,STOCKCH,CONVBBL,7463.0000,3
US,2026-01,OTHERCRUDE,STOCKCH,KBBL,1403.0000,1
US,2026-01,OTHERCRUDE,STOCKCH,KBD,x,3
US,2026-01,OTHERCRUDE,STOCKCH,KL,223.0666,1
US,2026-01,OTHERCRUDE,STOCKCH,KTONS,188.0000,1
US,2026-01,OTHERCRUDE,TOTEXPSB,CONVBBL,8494.0000,3
US,2026-01,OTHERCRUDE,TOTEXPSB,KBBL,10184.0000,1
US,2026-01,OTHERCRUDE,TOTEXPSB,KBD,328.5161,1
US,2026-01,OTHERCRUDE,TOTEXPSB,KL,1619.1780,1
US,2026-01,OTHERCRUDE,TOTEXPSB,KTONS,1199.0000,1
US,2026-01,OTHERCRUDE,TOTIMPSB,CONVBBL,7283.0000,3
US,2026-01,OTHERCRUDE,TOTIMPSB,KBBL,12672.0000,1
US,2026-01,OTHERCRUDE,TOTIMPSB,KBD,408.7742,1
US,2026-01,OTHERCRUDE,TOTIMPSB,KL,2014.7572,1
US,2026-01,OTHERCRUDE,TOTIMPSB,KTONS,1740.0000,1
US,2026-01,OTHERCRUDE,TRANSBAK,CONVBBL,7418.0000,3
US,2026-01,OTHERCRUDE,TRANSBAK,KBBL,0.0000,1
US,2026-01,OTHERCRUDE,TRANSBAK,KBD,0.0000,1
US,2026-01,OTHERCRUDE,TRANSBAK,KL,0.0000,1
US,2026-01,OTHERCRUDE,TRANSBAK,KTONS,0.0000,1
US,2026-02,OTHERCRUDE,CLOSTLV,CONVBBL,7461.0000,3
US,2026-02,OTHERCRUDE,CLOSTLV,KBBL,82804.0000,1
US,2026-02,OTHERCRUDE,CLOSTLV,KBD,x,3
US,2026-02,OTHERCRUDE,CLOSTLV,KL,13164.5168,1
US,2026-02,OTHERCRUDE,CLOSTLV,KTONS,11098.0000,1
US,2026-02,OTHERCRUDE,DIRECUSE,CONVBBL,7701.0000,3
US,2026-02,OTHERCRUDE,DIRECUSE,KBBL,28194.0000,1
US,2026-02,OTHERCRUDE,DIRECUSE,KBD,1006.9286,1
US,2026-02,OTHERCRUDE,DIRECUSE,KL,4482.3939,1
US,2026-02,OTHERCRUDE,DIRECUSE,KTONS,3661.0000,1
US,2026-02,OTHERCRUDE,INDPROD,CONVBBL,7400.0000,3
US,2026-02,OTHERCRUDE,INDPROD,KBBL,0.0000,1
US,2026-02,OTHERCRUDE,INDPROD,KBD,0.0000,1
US,2026-02,OTHERCRUDE,INDPROD,KL,0.0000,1
US,2026-02,OTHERCRUDE,INDPROD,KTONS,0.0000,1
US,2026-02,OTHERCRUDE,OSOURCES,CONVBBL,8930.0000,3
US,2026-02,OTHERCRUDE,OSOURCES,KBBL,31435.0000,1
US,2026-02,OTHERCRUDE,OSOURCES,KBD,1122.6786,1
US,2026-02,OTHERCRUDE,OSOURCES,KL,4997.5516,1
US,2026-02,OTHERCRUDE,OSOURCES,KTONS,3520.0000,1
US,2026-02,OTHERCRUDE,REFINOBS,CONVBBL,19547.0000,3
US,2026-02,OTHERCRUDE,REFINOBS,KBBL,6216.0000,1
US,2026-02,OTHERCRUDE,REFINOBS,KBD,222.0000,1
US,2026-02,OTHERCRUDE,REFINOBS,KL,988.2581,1
US,2026-02,OTHERCRUDE,REFINOBS,KTONS,318.0000,1
US,2026-02,OTHERCRUDE,STATDIFF,CONVBBL,8333.0000,3
US,2026-02,OTHERCRUDE,STATDIFF,KBBL,-7233.0000,3
US,2026-02,OTHERCRUDE,STATDIFF,KBD,-258.3214,3
US,2026-02,OTHERCRUDE,STATDIFF,KL,-1149.9641,3
US,2026-02,OTHERCRUDE,STATDIFF,KTONS,-868.0000,3
US,2026-02,OTHERCRUDE,STOCKCH,CONVBBL,7460.0000,3
US,2026-02,OTHERCRUDE,STOCKCH,KBBL,1574.0000,1
US,2026-02,OTHERCRUDE,STOCKCH,KBD,x,3
US,2026-02,OTHERCRUDE,STOCKCH,KL,250.2560,1
US,2026-02,OTHERCRUDE,STOCKCH,KTONS,211.0000,1
US,2026-02,OTHERCRUDE,TOTEXPSB,CONVBBL,8529.0000,3
US,2026-02,OTHERCRUDE,TOTEXPSB,KBBL,8563.0000,1
US,2026-02,OTHERCRUDE,TOTEXPSB,KBD,305.8214,1
US,2026-02,OTHERCRUDE,TOTEXPSB,KL,1361.4290,1
US,2026-02,OTHERCRUDE,TOTEXPSB,KTONS,1004.0000,1
US,2026-02,OTHERCRUDE,TOTIMPSB,CONVBBL,7294.0000,3
US,2026-02,OTHERCRUDE,TOTIMPSB,KBBL,5879.0000,1
US,2026-02,OTHERCRUDE,TOTIMPSB,KBD,209.9643,1
US,2026-02,OTHERCRUDE,TOTIMPSB,KL,934.6822,1
US,2026-02,OTHERCRUDE,TOTIMPSB,KTONS,806.0000,1
US,2026-02,OTHERCRUDE,TRANSBAK,CONVBBL,7418.0000,3
US,2026-02,OTHERCRUDE,TRANSBAK,KBBL,0.0000,1
US,2026-02,OTHERCRUDE,TRANSBAK,KBD,0.0000,1
US,2026-02,OTHERCRUDE,TRANSBAK,KL,0.0000,1
US,2026-02,OTHERCRUDE,TRANSBAK,KTONS,0.0000,1
US,2026-03,OTHERCRUDE,CLOSTLV,CONVBBL,7461.0000,3
US,2026-03,OTHERCRUDE,CLOSTLV,KBBL,80983.0000,1
US,2026-03,OTHERCRUDE,CLOSTLV,KBD,x,3
US,2026-03,OTHERCRUDE,CLOSTLV,KL,12875.0825,1
US,2026-03,OTHERCRUDE,CLOSTLV,KTONS,10854.0000,1
US,2026-03,OTHERCRUDE,DIRECUSE,CONVBBL,7891.0000,3
US,2026-03,OTHERCRUDE,DIRECUSE,KBBL,30197.0000,1
US,2026-03,OTHERCRUDE,DIRECUSE,KBD,974.0968,1
US,2026-03,OTHERCRUDE,DIRECUSE,KL,4801.2428,1
US,2026-03,OTHERCRUDE,DIRECUSE,KTONS,3827.0000,1
US,2026-03,OTHERCRUDE,INDPROD,CONVBBL,7400.0000,3
US,2026-03,OTHERCRUDE,INDPROD,KBBL,0.0000,1
US,2026-03,OTHERCRUDE,INDPROD,KBD,0.0000,1
US,2026-03,OTHERCRUDE,INDPROD,KL,0.0000,1
US,2026-03,OTHERCRUDE,INDPROD,KTONS,0.0000,1
US,2026-03,OTHERCRUDE,OSOURCES,CONVBBL,8879.0000,3
US,2026-03,OTHERCRUDE,OSOURCES,KBBL,37133.0000,1
US,2026-03,OTHERCRUDE,OSOURCES,KBD,1197.8387,1
US,2026-03,OTHERCRUDE,OSOURCES,KL,5903.5228,1
US,2026-03,OTHERCRUDE,OSOURCES,KTONS,4182.0000,1
US,2026-03,OTHERCRUDE,REFINOBS,CONVBBL,19549.0000,3
US,2026-03,OTHERCRUDE,REFINOBS,KBBL,6940.0000,1
US,2026-03,OTHERCRUDE,REFINOBS,KBD,223.8710,1
US,2026-03,OTHERCRUDE,REFINOBS,KL,1103.3570,1
US,2026-03,OTHERCRUDE,REFINOBS,KTONS,355.0000,1
US,2026-03,OTHERCRUDE,STATDIFF,CONVBBL,61556.0000,3
US,2026-03,OTHERCRUDE,STATDIFF,KBBL,-2770.0000,3
US,2026-03,OTHERCRUDE,STATDIFF,KBD,-89.3548,3
US,2026-03,OTHERCRUDE,STATDIFF,KL,-440.3987,3
US,2026-03,OTHERCRUDE,STATDIFF,KTONS,-45.0000,3
US,2026-03,OTHERCRUDE,STOCKCH,CONVBBL,7463.0000,3
US,2026-03,OTHERCRUDE,STOCKCH,KBBL,-1821.0000,1
US,2026-03,OTHERCRUDE,STOCKCH,KBD,x,3
US,2026-03,OTHERCRUDE,STOCKCH,KL,-289.5119,1
US,2026-03,OTHERCRUDE,STOCKCH,KTONS,-244.0000,1
US,2026-03,OTHERCRUDE,TOTEXPSB,CONVBBL,8529.0000,3
US,2026-03,OTHERCRUDE,TOTEXPSB,KBBL,17792.0000,1
US,2026-03,OTHERCRUDE,TOTEXPSB,KBD,573.9355,1
US,2026-03,OTHERCRUDE,TOTEXPSB,KL,2828.6263,1
US,2026-03,OTHERCRUDE,TOTEXPSB,KTONS,2086.0000,1
US,2026-03,OTHERCRUDE,TOTIMPSB,CONVBBL,7348.0000,3
US,2026-03,OTHERCRUDE,TOTIMPSB,KBBL,13205.0000,1
US,2026-03,OTHERCRUDE,TOTIMPSB,KBD,425.9677,1
US,2026-03,OTHERCRUDE,TOTIMPSB,KL,2099.3284,1
US,2026-03,OTHERCRUDE,TOTIMPSB,KTONS,1797.0000,1
US,2026-03,OTHERCRUDE,TRANSBAK,CONVBBL,7418.0000,3
US,2026-03,OTHERCRUDE,TRANSBAK,KBBL,0.0000,1
US,2026-03,OTHERCRUDE,TRANSBAK,KBD,0.0000,1
US,2026-03,OTHERCRUDE,TRANSBAK,KL,0.0000,1
US,2026-03,OTHERCRUDE,TRANSBAK,KTONS,0.0000,1
US,2026-04,OTHERCRUDE,CLOSTLV,CONVBBL,7461.0000,3
US,2026-04,OTHERCRUDE,CLOSTLV,KBBL,78723.0000,1
US,2026-04,OTHERCRUDE,CLOSTLV,KBD,x,3
US,2026-04,OTHERCRUDE,CLOSTLV,KL,12515.6620,1
US,2026-04,OTHERCRUDE,CLOSTLV,KTONS,10551.0000,1
US,2026-04,OTHERCRUDE,DIRECUSE,CONVBBL,7548.0000,3
US,2026-04,OTHERCRUDE,DIRECUSE,KBBL,36170.0000,1
US,2026-04,OTHERCRUDE,DIRECUSE,KBD,1205.6667,1
US,2026-04,OTHERCRUDE,DIRECUSE,KL,5750.5828,1
US,2026-04,OTHERCRUDE,DIRECUSE,KTONS,4792.0000,1
US,2026-04,OTHERCRUDE,INDPROD,CONVBBL,7400.0000,3
US,2026-04,OTHERCRUDE,INDPROD,KBBL,0.0000,1
US,2026-04,OTHERCRUDE,INDPROD,KBD,0.0000,1
US,2026-04,OTHERCRUDE,INDPROD,KL,0.0000,1
US,2026-04,OTHERCRUDE,INDPROD,KTONS,0.0000,1
US,2026-04,OTHERCRUDE,OSOURCES,CONVBBL,8326.0000,3
US,2026-04,OTHERCRUDE,OSOURCES,KBBL,42652.0000,1
US,2026-04,OTHERCRUDE,OSOURCES,KBD,1421.7333,1
US,2026-04,OTHERCRUDE,OSOURCES,KL,6781.4713,1
US,2026-04,OTHERCRUDE,OSOURCES,KTONS,5123.0000,1
US,2026-04,OTHERCRUDE,REFINOBS,CONVBBL,17262.0000,3
US,2026-04,OTHERCRUDE,REFINOBS,KBBL,8493.0000,1
US,2026-04,OTHERCRUDE,REFINOBS,KBD,283.1000,1
US,2026-04,OTHERCRUDE,REFINOBS,KL,1350.2661,1
US,2026-04,OTHERCRUDE,REFINOBS,KTONS,492.0000,1
US,2026-04,OTHERCRUDE,STATDIFF,CONVBBL,3750.0000,3
US,2026-04,OTHERCRUDE,STATDIFF,KBBL,-15.0000,3
US,2026-04,OTHERCRUDE,STATDIFF,KBD,-0.5000,3
US,2026-04,OTHERCRUDE,STATDIFF,KL,-2.3848,3
US,2026-04,OTHERCRUDE,STATDIFF,KTONS,-4.0000,3
US,2026-04,OTHERCRUDE,STOCKCH,CONVBBL,7459.0000,3
US,2026-04,OTHERCRUDE,STOCKCH,KBBL,-2260.0000,1
US,2026-04,OTHERCRUDE,STOCKCH,KBD,x,3
US,2026-04,OTHERCRUDE,STOCKCH,KL,-359.3241,1
US,2026-04,OTHERCRUDE,STOCKCH,KTONS,-303.0000,1
US,2026-04,OTHERCRUDE,TOTEXPSB,CONVBBL,8525.0000,3
US,2026-04,OTHERCRUDE,TOTEXPSB,KBBL,15984.0000,1
US,2026-04,OTHERCRUDE,TOTEXPSB,KBD,532.8000,1
US,2026-04,OTHERCRUDE,TOTEXPSB,KL,2541.3169,1
US,2026-04,OTHERCRUDE,TOTEXPSB,KTONS,1875.0000,1
US,2026-04,OTHERCRUDE,TOTIMPSB,CONVBBL,7239.0000,3
US,2026-04,OTHERCRUDE,TOTIMPSB,KBBL,9961.0000,1
US,2026-04,OTHERCRUDE,TOTIMPSB,KBD,332.0333,1
US,2026-04,OTHERCRUDE,TOTIMPSB,KL,1583.6535,1
US,2026-04,OTHERCRUDE,TOTIMPSB,KTONS,1376.0000,1
US,2026-04,OTHERCRUDE,TRANSBAK,CONVBBL,16314.0000,3
US,2026-04,OTHERCRUDE,TRANSBAK,KBBL,5759.0000,1
US,2026-04,OTHERCRUDE,TRANSBAK,KBD,191.9667,1
US,2026-04,OTHERCRUDE,TRANSBAK,KL,915.5843,1
US,2026-04,OTHERCRUDE,TRANSBAK,KTONS,353.0000,1
US,2026-05,OTHERCRUDE,CLOSTLV,CONVBBL,7461.0000,3
US,2026-05,OTHERCRUDE,CLOSTLV,KBBL,77761.0000,1
US,2026-05,OTHERCRUDE,CLOSTLV,KBD,x,3
US,2026-05,OTHERCRUDE,CLOSTLV,KL,12362.6414,1
US,2026-05,OTHERCRUDE,CLOSTLV,KTONS,10422.0000,1
US,2026-05,OTHERCRUDE,DIRECUSE,CONVBBL,7364.0000,3
US,2026-05,OTHERCRUDE,DIRECUSE,KBBL,48858.0000,1
US,2026-05,OTHERCRUDE,DIRECUSE,KBD,1576.0645,1
US,2026-05,OTHERCRUDE,DIRECUSE,KL,7768.1548,1
US,2026-05,OTHERCRUDE,DIRECUSE,KTONS,6635.0000,1
US,2026-05,OTHERCRUDE,INDPROD,CONVBBL,7400.0000,3
US,2026-05,OTHERCRUDE,INDPROD,KBBL,0.0000,1
US,2026-05,OTHERCRUDE,INDPROD,KBD,0.0000,1
US,2026-05,OTHERCRUDE,INDPROD,KL,0.0000,1
US,2026-05,OTHERCRUDE,INDPROD,KTONS,0.0000,1
US,2026-05,OTHERCRUDE,OSOURCES,CONVBBL,8072.0000,3
US,2026-05,OTHERCRUDE,OSOURCES,KBBL,44397.0000,1
US,2026-05,OTHERCRUDE,OSOURCES,KBD,1432.1613,1
US,2026-05,OTHERCRUDE,OSOURCES,KL,7058.4120,1
US,2026-05,OTHERCRUDE,OSOURCES,KTONS,5500.0000,1
US,2026-05,OTHERCRUDE,REFINOBS,CONVBBL,19559.0000,3
US,2026-05,OTHERCRUDE,REFINOBS,KBBL,7178.0000,1
US,2026-05,OTHERCRUDE,REFINOBS,KBD,231.5484,1
US,2026-05,OTHERCRUDE,REFINOBS,KL,1141.2371,1
US,2026-05,OTHERCRUDE,REFINOBS,KTONS,367.0000,1
US,2026-05,OTHERCRUDE,STATDIFF,CONVBBL,10884.0000,3
US,2026-05,OTHERCRUDE,STATDIFF,KBBL,-4321.0000,3
US,2026-05,OTHERCRUDE,STATDIFF,KBD,-139.3871,3
US,2026-05,OTHERCRUDE,STATDIFF,KL,-686.9770,3
US,2026-05,OTHERCRUDE,STATDIFF,KTONS,-397.0000,3
US,2026-05,OTHERCRUDE,STOCKCH,CONVBBL,7457.0000,3
US,2026-05,OTHERCRUDE,STOCKCH,KBBL,-962.0000,1
US,2026-05,OTHERCRUDE,STOCKCH,KBD,x,3
US,2026-05,OTHERCRUDE,STOCKCH,KL,-152.9386,1
US,2026-05,OTHERCRUDE,STOCKCH,KTONS,-129.0000,1
US,2026-05,OTHERCRUDE,TOTEXPSB,CONVBBL,8510.0000,3
US,2026-05,OTHERCRUDE,TOTEXPSB,KBBL,4953.0000,1
US,2026-05,OTHERCRUDE,TOTEXPSB,KBD,159.7742,1
US,2026-05,OTHERCRUDE,TOTEXPSB,KL,787.4368,1
US,2026-05,OTHERCRUDE,TOTEXPSB,KTONS,582.0000,1
US,2026-05,OTHERCRUDE,TOTIMPSB,CONVBBL,7259.0000,3
US,2026-05,OTHERCRUDE,TOTIMPSB,KBBL,11309.0000,1
US,2026-05,OTHERCRUDE,TOTIMPSB,KBD,364.8065,1
US,2026-05,OTHERCRUDE,TOTIMPSB,KL,1798.0734,1
US,2026-05,OTHERCRUDE,TOTIMPSB,KTONS,1558.0000,1
US,2026-05,OTHERCRUDE,TRANSBAK,CONVBBL,7418.0000,3
US,2026-05,OTHERCRUDE,TRANSBAK,KBBL,0.0000,1
US,2026-05,OTHERCRUDE,TRANSBAK,KBD,0.0000,1
US,2026-05,OTHERCRUDE,TRANSBAK,KL,0.0000,1
US,2026-05,OTHERCRUDE,TRANSBAK,KTONS,0.0000,1
US,2026-06,OTHERCRUDE,CLOSTLV,CONVBBL,7460.0000,3
US,2026-06,OTHERCRUDE,CLOSTLV,KBBL,74640.0000,1
US,2026-06,OTHERCRUDE,CLOSTLV,KBD,x,3
US,2026-06,OTHERCRUDE,CLOSTLV,KL,11866.4027,1
US,2026-06,OTHERCRUDE,CLOSTLV,KTONS,10005.0000,1
US,2026-06,OTHERCRUDE,DIRECUSE,CONVBBL,7399.0000,3
US,2026-06,OTHERCRUDE,DIRECUSE,KBBL,0.0000,3
US,2026-06,OTHERCRUDE,DIRECUSE,KBD,0.0000,3
US,2026-06,OTHERCRUDE,DIRECUSE,KL,0.0000,3
US,2026-06,OTHERCRUDE,DIRECUSE,KTONS,0.0000,3
US,2026-06,OTHERCRUDE,INDPROD,CONVBBL,7400.0000,3
US,2026-06,OTHERCRUDE,INDPROD,KBBL,42261.0000,2
US,2026-06,OTHERCRUDE,INDPROD,KBD,1408.7000,2
US,2026-06,OTHERCRUDE,INDPROD,KL,6719.0372,2
US,2026-06,OTHERCRUDE,INDPROD,KTONS,5711.0000,2
US,2026-06,OTHERCRUDE,OSOURCES,CONVBBL,7400.0000,3
US,2026-06,OTHERCRUDE,OSOURCES,KBBL,0.0000,3
US,2026-06,OTHERCRUDE,OSOURCES,KBD,0.0000,3
US,2026-06,OTHERCRUDE,OSOURCES,KL,0.0000,3
US,2026-06,OTHERCRUDE,OSOURCES,KTONS,0.0000,3
US,2026-06,OTHERCRUDE,REFINOBS,CONVBBL,7400.0000,3
US,2026-06,OTHERCRUDE,REFINOBS,KBBL,42261.0000,2
US,2026-06,OTHERCRUDE,REFINOBS,KBD,1408.7000,2
US,2026-06,OTHERCRUDE,REFINOBS,KL,6719.0372,2
US,2026-06,OTHERCRUDE,REFINOBS,KTONS,5711.0000,2
US,2026-06,OTHERCRUDE,STATDIFF,CONVBBL,7484.0000,3
US,2026-06,OTHERCRUDE,STATDIFF,KBBL,3121.0000,3
US,2026-06,OTHERCRUDE,STATDIFF,KBD,104.0333,3
US,2026-06,OTHERCRUDE,STATDIFF,KL,496.1729,3
US,2026-06,OTHERCRUDE,STATDIFF,KTONS,417.0000,3
US,2026-06,OTHERCRUDE,STOCKCH,CONVBBL,7484.0000,3
US,2026-06,OTHERCRUDE,STOCKCH,KBBL,-3121.0000,1
US,2026-06,OTHERCRUDE,STOCKCH,KBD,x,3
US,2026-06,OTHERCRUDE,STOCKCH,KL,-496.1729,1
US,2026-06,OTHERCRUDE,STOCKCH,KTONS,-417.0000,1
US,2026-06,OTHERCRUDE,TOTEXPSB,CONVBBL,7400.0000,3
US,2026-06,OTHERCRUDE,TOTEXPSB,KBBL,0.0000,3
US,2026-06,OTHERCRUDE,TOTEXPSB,KBD,0.0000,3
US,2026-06,OTHERCRUDE,TOTEXPSB,KL,0.0000,3
US,2026-06,OTHERCRUDE,TOTEXPSB,KTONS,0.0000,3
US,2026-06,OTHERCRUDE,TOTIMPSB,CONVBBL,7400.0000,3
US,2026-06,OTHERCRUDE,TOTIMPSB,KBBL,0.0000,3
US,2026-06,OTHERCRUDE,TOTIMPSB,KBD,0.0000,3
US,2026-06,OTHERCRUDE,TOTIMPSB,KL,0.0000,3
US,2026-06,OTHERCRUDE,TOTIMPSB,KTONS,0.0000,3
US,2026-06,OTHERCRUDE,TRANSBAK,CONVBBL,7418.0000,3
US,2026-06,OTHERCRUDE,TRANSBAK,KBBL,0.0000,1
US,2026-06,OTHERCRUDE,TRANSBAK,KBD,0.0000,1
US,2026-06,OTHERCRUDE,TRANSBAK,KL,0.0000,1
US,2026-06,OTHERCRUDE,TRANSBAK,KTONS,0.0000,1
US,2026-01,TOTCRUDE,CLOSTLV,CONVBBL,7445.0000,3
US,2026-01,TOTCRUDE,CLOSTLV,KBBL,772239.0000,1
US,2026-01,TOTCRUDE,CLOSTLV,KBD,x,3
US,2026-01,TOTCRUDE,CLOSTLV,KL,122770.6517,1
US,2026-01,TOTCRUDE,CLOSTLV,KTONS,103721.0000,1
US,2026-01,TOTCRUDE,DIRECUSE,CONVBBL,12176.0000,3
US,2026-01,TOTCRUDE,DIRECUSE,KBBL,231561.0000,1
US,2026-01,TOTCRUDE,DIRECUSE,KBD,7469.7097,1
US,2026-01,TOTCRUDE,DIRECUSE,KL,36815.6647,1
US,2026-01,TOTCRUDE,DIRECUSE,KTONS,19018.0000,1
US,2026-01,TOTCRUDE,INDPROD,CONVBBL,8728.0000,3
US,2026-01,TOTCRUDE,INDPROD,KBBL,629584.0000,1
US,2026-01,TOTCRUDE,INDPROD,KBD,20309.1613,1
US,2026-01,TOTCRUDE,INDPROD,KL,100099.0505,1
US,2026-01,TOTCRUDE,INDPROD,KTONS,72136.0000,1
US,2026-01,TOTCRUDE,OSOURCES,CONVBBL,8997.0000,3
US,2026-01,TOTCRUDE,OSOURCES,KBBL,34090.0000,1
US,2026-01,TOTCRUDE,OSOURCES,KBD,1099.6774,1
US,2026-01,TOTCRUDE,OSOURCES,KL,5419.8278,1
US,2026-01,TOTCRUDE,OSOURCES,KTONS,3789.0000,1
US,2026-01,TOTCRUDE,REFINOBS,CONVBBL,7525.0000,3
US,2026-01,TOTCRUDE,REFINOBS,KBBL,532452.0000,1
US,2026-01,TOTCRUDE,REFINOBS,KBD,17175.8710,1
US,2026-01,TOTCRUDE,REFINOBS,KL,84652.3618,1
US,2026-01,TOTCRUDE,REFINOBS,KTONS,70757.0000,1
US,2026-01,TOTCRUDE,STATDIFF,CONVBBL,7146.0000,3
US,2026-01,TOTCRUDE,STATDIFF,KBBL,-18064.0000,3
US,2026-01,TOTCRUDE,STATDIFF,KBD,-582.7097,3
US,2026-01,TOTCRUDE,STATDIFF,KL,-2872.1244,3
US,2026-01,TOTCRUDE,STATDIFF,KTONS,-2528.0000,3
US,2026-01,TOTCRUDE,STOCKCH,CONVBBL,8888.0000,3
US,2026-01,TOTCRUDE,STOCKCH,KBBL,-4915.0000,1
US,2026-01,TOTCRUDE,STOCKCH,KBD,x,3
US,2026-01,TOTCRUDE,STOCKCH,KL,-781.4341,1
US,2026-01,TOTCRUDE,STOCKCH,KTONS,-553.0000,1
US,2026-01,TOTCRUDE,TOTEXPSB,CONVBBL,7518.0000,3
US,2026-01,TOTCRUDE,TOTEXPSB,KBBL,135855.0000,1
US,2026-01,TOTCRUDE,TOTEXPSB,KBD,4382.4194,1
US,2026-01,TOTCRUDE,TOTEXPSB,KL,21599.6976,1
US,2026-01,TOTCRUDE,TOTEXPSB,KTONS,18071.0000,1
US,2026-01,TOTCRUDE,TOTIMPSB,CONVBBL,7393.0000,3
US,2026-01,TOTCRUDE,TOTIMPSB,KBBL,213215.0000,1
US,2026-01,TOTCRUDE,TOTIMPSB,KBD,6877.9032,1
US,2026-01,TOTCRUDE,TOTIMPSB,KL,33898.3942,1
US,2026-01,TOTCRUDE,TOTIMPSB,KTONS,28840.0000,1
US,2026-01,TOTCRUDE,TRANSBAK,CONVBBL,7418.0000,3
US,2026-01,TOTCRUDE,TRANSBAK,KBBL,0.0000,1
US,2026-01,TOTCRUDE,TRANSBAK,KBD,0.0000,1
US,2026-01,TOTCRUDE,TRANSBAK,KL,0.0000,1
US,2026-01,TOTCRUDE,TRANSBAK,KTONS,0.0000,1
US,2026-02,TOTCRUDE,CLOSTLV,CONVBBL,7445.0000,3
US,2026-02,TOTCRUDE,CLOSTLV,KBBL,803444.0000,1
US,2026-02,TOTCRUDE,CLOSTLV,KBD,x,3
US,2026-02,TOTCRUDE,CLOSTLV,KL,127731.3810,1
US,2026-02,TOTCRUDE,CLOSTLV,KTONS,107912.0000,1
US,2026-02,TOTCRUDE,DIRECUSE,CONVBBL,12370.0000,3
US,2026-02,TOTCRUDE,DIRECUSE,KBBL,218239.0000,1
US,2026-02,TOTCRUDE,DIRECUSE,KBD,7794.2500,1
US,2026-02,TOTCRUDE,DIRECUSE,KL,34696.1016,1
US,2026-02,TOTCRUDE,DIRECUSE,KTONS,17642.0000,1
US,2026-02,TOTCRUDE,INDPROD,CONVBBL,8764.0000,3
US,2026-02,TOTCRUDE,INDPROD,KBBL,591240.0000,1
US,2026-02,TOTCRUDE,INDPROD,KBD,21115.7143,1
US,2026-02,TOTCRUDE,INDPROD,KL,94004.9006,1
US,2026-02,TOTCRUDE,INDPROD,KTONS,67466.0000,1
US,2026-02,TOTCRUDE,OSOURCES,CONVBBL,8930.0000,3
US,2026-02,TOTCRUDE,OSOURCES,KBBL,31435.0000,1
US,2026-02,TOTCRUDE,OSOURCES,KBD,1122.6786,1
US,2026-02,TOTCRUDE,OSOURCES,KL,4997.5516,1
US,2026-02,TOTCRUDE,OSOURCES,KTONS,3520.0000,1
US,2026-02,TOTCRUDE,REFINOBS,CONVBBL,7536.0000,3
US,2026-02,TOTCRUDE,REFINOBS,KBBL,465383.0000,1
US,2026-02,TOTCRUDE,REFINOBS,KBD,16620.8214,1
US,2026-02,TOTCRUDE,REFINOBS,KL,73989.3389,1
US,2026-02,TOTCRUDE,REFINOBS,KTONS,61754.0000,1
US,2026-02,TOTCRUDE,STATDIFF,CONVBBL,7620.0000,3
US,2026-02,TOTCRUDE,STATDIFF,KBBL,-41077.0000,3
US,2026-02,TOTCRUDE,STATDIFF,KBD,-1467.0357,3
US,2026-02,TOTCRUDE,STATDIFF,KL,-6531.1170,3
US,2026-02,TOTCRUDE,STATDIFF,KTONS,-5391.0000,3
US,2026-02,TOTCRUDE,STOCKCH,CONVBBL,7446.0000,3
US,2026-02,TOTCRUDE,STOCKCH,KBBL,31205.0000,1
US,2026-02,TOTCRUDE,STOCKCH,KBD,x,3
US,2026-02,TOTCRUDE,STOCKCH,KL,4961.3956,1
US,2026-02,TOTCRUDE,STOCKCH,KTONS,4191.0000,1
US,2026-02,TOTCRUDE,TOTEXPSB,CONVBBL,7522.0000,3
US,2026-02,TOTCRUDE,TOTEXPSB,KBBL,135608.0000,1
US,2026-02,TOTCRUDE,TOTEXPSB,KBD,4843.1429,1
US,2026-02,TOTCRUDE,TOTEXPSB,KL,21558.5701,1
US,2026-02,TOTCRUDE,TOTEXPSB,KTONS,18027.0000,1
US,2026-02,TOTCRUDE,TOTIMPSB,CONVBBL,7397.0000,3
US,2026-02,TOTCRUDE,TOTIMPSB,KBBL,186683.0000,1
US,2026-02,TOTCRUDE,TOTIMPSB,KBD,6667.2500,1
US,2026-02,TOTCRUDE,TOTIMPSB,KL,29679.4952,1
US,2026-02,TOTCRUDE,TOTIMPSB,KTONS,25237.0000,1
US,2026-02,TOTCRUDE,TRANSBAK,CONVBBL,7418.0000,3
US,2026-02,TOTCRUDE,TRANSBAK,KBBL,0.0000,1
US,2026-02,TOTCRUDE,TRANSBAK,KBD,0.0000,1
US,2026-02,TOTCRUDE,TRANSBAK,KL,0.0000,1
US,2026-02,TOTCRUDE,TRANSBAK,KTONS,0.0000,1
US,2026-03,TOTCRUDE,CLOSTLV,CONVBBL,7441.0000,3
US,2026-03,TOTCRUDE,CLOSTLV,KBBL,818371.0000,1
US,2026-03,TOTCRUDE,CLOSTLV,KBD,x,3
US,2026-03,TOTCRUDE,CLOSTLV,KL,130103.3379,1
US,2026-03,TOTCRUDE,CLOSTLV,KTONS,109975.0000,1
US,2026-03,TOTCRUDE,DIRECUSE,CONVBBL,12451.0000,3
US,2026-03,TOTCRUDE,DIRECUSE,KBBL,251566.0000,1
US,2026-03,TOTCRUDE,DIRECUSE,KBD,8115.0323,1
US,2026-03,TOTCRUDE,DIRECUSE,KL,39994.9130,1
US,2026-03,TOTCRUDE,DIRECUSE,KTONS,20204.0000,1
US,2026-03,TOTCRUDE,INDPROD,CONVBBL,8792.0000,3
US,2026-03,TOTCRUDE,INDPROD,KBBL,663203.0000,1
US,2026-03,TOTCRUDE,INDPROD,KBD,21393.6452,1
US,2026-03,TOTCRUDE,INDPROD,KL,105438.8616,1
US,2026-03,TOTCRUDE,INDPROD,KTONS,75431.0000,1
US,2026-03,TOTCRUDE,OSOURCES,CONVBBL,8879.0000,3
US,2026-03,TOTCRUDE,OSOURCES,KBBL,37133.0000,1
US,2026-03,TOTCRUDE,OSOURCES,KBD,1197.8387,1
US,2026-03,TOTCRUDE,OSOURCES,KL,5903.5228,1
US,2026-03,TOTCRUDE,OSOURCES,KTONS,4182.0000,1
US,2026-03,TOTCRUDE,REFINOBS,CONVBBL,7524.0000,3
US,2026-03,TOTCRUDE,REFINOBS,KBBL,528472.0000,1
US,2026-03,TOTCRUDE,REFINOBS,KBD,17047.4839,1
US,2026-03,TOTCRUDE,REFINOBS,KL,84015.4879,1
US,2026-03,TOTCRUDE,REFINOBS,KTONS,70234.0000,1
US,2026-03,TOTCRUDE,STATDIFF,CONVBBL,8231.0000,3
US,2026-03,TOTCRUDE,STATDIFF,KBBL,-26988.0000,3
US,2026-03,TOTCRUDE,STATDIFF,KBD,-870.5806,3
US,2026-03,TOTCRUDE,STATDIFF,KL,-4290.9868,3
US,2026-03,TOTCRUDE,STATDIFF,KTONS,-3279.0000,3
US,2026-03,TOTCRUDE,STOCKCH,CONVBBL,7236.0000,3
US,2026-03,TOTCRUDE,STOCKCH,KBBL,14927.0000,1
US,2026-03,TOTCRUDE,STOCKCH,KBD,x,3
US,2026-03,TOTCRUDE,STOCKCH,KL,2373.3454,1
US,2026-03,TOTCRUDE,STOCKCH,KTONS,2063.0000,1
US,2026-03,TOTCRUDE,TOTEXPSB,CONVBBL,7572.0000,3
US,2026-03,TOTCRUDE,TOTEXPSB,KBBL,148181.0000,1
US,2026-03,TOTCRUDE,TOTEXPSB,KBD,4780.0323,1
US,2026-03,TOTCRUDE,TOTEXPSB,KL,23559.4200,1
US,2026-03,TOTCRUDE,TOTEXPSB,KTONS,19570.0000,1
US,2026-03,TOTCRUDE,TOTIMPSB,CONVBBL,7396.0000,3
US,2026-03,TOTCRUDE,TOTIMPSB,KBBL,215822.0000,1
US,2026-03,TOTCRUDE,TOTIMPSB,KBD,6962.0000,1
US,2026-03,TOTCRUDE,TOTIMPSB,KL,34310.7705,1
US,2026-03,TOTCRUDE,TOTIMPSB,KTONS,29179.0000,1
US,2026-03,TOTCRUDE,TRANSBAK,CONVBBL,7418.0000,3
US,2026-03,TOTCRUDE,TRANSBAK,KBBL,0.0000,1
US,2026-03,TOTCRUDE,TRANSBAK,KBD,0.0000,1
US,2026-03,TOTCRUDE,TRANSBAK,KL,0.0000,1
US,2026-03,TOTCRUDE,TRANSBAK,KTONS,0.0000,1
US,2026-04,TOTCRUDE,CLOSTLV,CONVBBL,7439.0000,3
US,2026-04,TOTCRUDE,CLOSTLV,KBBL,791111.0000,1
US,2026-04,TOTCRUDE,CLOSTLV,KBD,x,3
US,2026-04,TOTCRUDE,CLOSTLV,KL,125779.8676,1
US,2026-04,TOTCRUDE,CLOSTLV,KTONS,106349.0000,1
US,2026-04,TOTCRUDE,DIRECUSE,CONVBBL,12155.0000,3
US,2026-04,TOTCRUDE,DIRECUSE,KBBL,251067.0000,1
US,2026-04,TOTCRUDE,DIRECUSE,KBD,8368.9000,1
US,2026-04,TOTCRUDE,DIRECUSE,KL,39917.5936,1
US,2026-04,TOTCRUDE,DIRECUSE,KTONS,20656.0000,1
US,2026-04,TOTCRUDE,INDPROD,CONVBBL,8781.0000,3
US,2026-04,TOTCRUDE,INDPROD,KBBL,649959.0000,1
US,2026-04,TOTCRUDE,INDPROD,KBD,21665.3000,1
US,2026-04,TOTCRUDE,INDPROD,KL,103341.2768,1
US,2026-04,TOTCRUDE,INDPROD,KTONS,74023.0000,1
US,2026-04,TOTCRUDE,OSOURCES,CONVBBL,8326.0000,3
US,2026-04,TOTCRUDE,OSOURCES,KBBL,42652.0000,1
US,2026-04,TOTCRUDE,OSOURCES,KBD,1421.7333,1
US,2026-04,TOTCRUDE,OSOURCES,KL,6781.4713,1
US,2026-04,TOTCRUDE,OSOURCES,KTONS,5123.0000,1
US,2026-04,TOTCRUDE,REFINOBS,CONVBBL,7526.0000,3
US,2026-04,TOTCRUDE,REFINOBS,KBBL,504957.0000,1
US,2026-04,TOTCRUDE,REFINOBS,KBD,16831.9000,1
US,2026-04,TOTCRUDE,REFINOBS,KL,80277.0940,1
US,2026-04,TOTCRUDE,REFINOBS,KTONS,67091.0000,1
US,2026-04,TOTCRUDE,STATDIFF,CONVBBL,7326.0000,3
US,2026-04,TOTCRUDE,STATDIFF,KBBL,-22740.0000,3
US,2026-04,TOTCRUDE,STATDIFF,KBD,-758.0000,3
US,2026-04,TOTCRUDE,STATDIFF,KL,-3615.3620,3
US,2026-04,TOTCRUDE,STATDIFF,KTONS,-3104.0000,3
US,2026-04,TOTCRUDE,STOCKCH,CONVBBL,7518.0000,3
US,2026-04,TOTCRUDE,STOCKCH,KBBL,-27260.0000,1
US,2026-04,TOTCRUDE,STOCKCH,KBD,x,3
US,2026-04,TOTCRUDE,STOCKCH,KL,-4334.0437,1
US,2026-04,TOTCRUDE,STOCKCH,KTONS,-3626.0000,1
US,2026-04,TOTCRUDE,TOTEXPSB,CONVBBL,7534.0000,3
US,2026-04,TOTCRUDE,TOTEXPSB,KBBL,190016.0000,1
US,2026-04,TOTCRUDE,TOTEXPSB,KBD,6333.8667,1
US,2026-04,TOTCRUDE,TOTEXPSB,KL,30211.2226,1
US,2026-04,TOTCRUDE,TOTEXPSB,KTONS,25222.0000,1
US,2026-04,TOTCRUDE,TOTIMPSB,CONVBBL,7392.0000,3
US,2026-04,TOTCRUDE,TOTIMPSB,KBBL,197670.0000,1
US,2026-04,TOTCRUDE,TOTIMPSB,KBD,6589.0000,1
US,2026-04,TOTCRUDE,TOTIMPSB,KL,31425.8132,1
US,2026-04,TOTCRUDE,TOTIMPSB,KTONS,26740.0000,1
US,2026-04,TOTCRUDE,TRANSBAK,CONVBBL,16314.0000,3
US,2026-04,TOTCRUDE,TRANSBAK,KBBL,5759.0000,1
US,2026-04,TOTCRUDE,TRANSBAK,KBD,191.9667,1
US,2026-04,TOTCRUDE,TRANSBAK,KL,915.5843,1
US,2026-04,TOTCRUDE,TRANSBAK,KTONS,353.0000,1
US,2026-05,TOTCRUDE,CLOSTLV,CONVBBL,7438.0000,3
US,2026-05,TOTCRUDE,CLOSTLV,KBBL,724542.0000,1
US,2026-05,TOTCRUDE,CLOSTLV,KBD,x,3
US,2026-05,TOTCRUDE,CLOSTLV,KL,115193.3317,1
US,2026-05,TOTCRUDE,CLOSTLV,KTONS,97411.0000,1
US,2026-05,TOTCRUDE,DIRECUSE,CONVBBL,11493.0000,3
US,2026-05,TOTCRUDE,DIRECUSE,KBBL,275777.0000,1
US,2026-05,TOTCRUDE,DIRECUSE,KBD,8896.0323,1
US,2026-05,TOTCRUDE,DIRECUSE,KL,43844.7224,1
US,2026-05,TOTCRUDE,DIRECUSE,KTONS,23995.0000,1
US,2026-05,TOTCRUDE,INDPROD,CONVBBL,8808.0000,3
US,2026-05,TOTCRUDE,INDPROD,KBBL,667412.0000,1
US,2026-05,TOTCRUDE,INDPROD,KBD,21529.4194,1
US,2026-05,TOTCRUDE,INDPROD,KL,106106.8664,1
US,2026-05,TOTCRUDE,INDPROD,KTONS,75771.0000,1
US,2026-05,TOTCRUDE,OSOURCES,CONVBBL,8072.0000,3
US,2026-05,TOTCRUDE,OSOURCES,KBBL,44397.0000,1
US,2026-05,TOTCRUDE,OSOURCES,KBD,1432.1613,1
US,2026-05,TOTCRUDE,OSOURCES,KL,7058.4120,1
US,2026-05,TOTCRUDE,OSOURCES,KTONS,5500.0000,1
US,2026-05,TOTCRUDE,REFINOBS,CONVBBL,7515.0000,3
US,2026-05,TOTCRUDE,REFINOBS,KBBL,540256.0000,1
US,2026-05,TOTCRUDE,REFINOBS,KBD,17427.6129,1
US,2026-05,TOTCRUDE,REFINOBS,KL,85893.5658,1
US,2026-05,TOTCRUDE,REFINOBS,KTONS,71890.0000,1
US,2026-05,TOTCRUDE,STATDIFF,CONVBBL,6761.0000,3
US,2026-05,TOTCRUDE,STATDIFF,KBBL,-28321.0000,3
US,2026-05,TOTCRUDE,STATDIFF,KBD,-913.5806,3
US,2026-05,TOTCRUDE,STATDIFF,KL,-4502.8187,3
US,2026-05,TOTCRUDE,STATDIFF,KTONS,-4189.0000,3
US,2026-05,TOTCRUDE,STOCKCH,CONVBBL,7448.0000,3
US,2026-05,TOTCRUDE,STOCKCH,KBBL,-66569.0000,1
US,2026-05,TOTCRUDE,STOCKCH,KBD,x,3
US,2026-05,TOTCRUDE,STOCKCH,KL,-10583.8380,1
US,2026-05,TOTCRUDE,STOCKCH,KTONS,-8938.0000,1
US,2026-05,TOTCRUDE,TOTEXPSB,CONVBBL,7458.0000,3
US,2026-05,TOTCRUDE,TOTEXPSB,KBBL,186531.0000,1
US,2026-05,TOTCRUDE,TOTEXPSB,KBD,6017.1290,1
US,2026-05,TOTCRUDE,TOTEXPSB,KL,29656.2749,1
US,2026-05,TOTCRUDE,TOTEXPSB,KTONS,25011.0000,1
US,2026-05,TOTCRUDE,TOTIMPSB,CONVBBL,7392.0000,3
US,2026-05,TOTCRUDE,TOTIMPSB,KBBL,195865.0000,1
US,2026-05,TOTCRUDE,TOTIMPSB,KBD,6318.2258,1
US,2026-05,TOTCRUDE,TOTIMPSB,KL,31141.4061,1
US,2026-05,TOTCRUDE,TOTIMPSB,KTONS,26498.0000,1
US,2026-05,TOTCRUDE,TRANSBAK,CONVBBL,7418.0000,3
US,2026-05,TOTCRUDE,TRANSBAK,KBBL,0.0000,1
US,2026-05,TOTCRUDE,TRANSBAK,KBD,0.0000,1
US,2026-05,TOTCRUDE,TRANSBAK,KL,0.0000,1
US,2026-05,TOTCRUDE,TRANSBAK,KTONS,0.0000,1
US,2026-06,TOTCRUDE,CLOSTLV,CONVBBL,7406.0000,3
US,2026-06,TOTCRUDE,CLOSTLV,KBBL,743355.0000,1
US,2026-06,TOTCRUDE,CLOSTLV,KBD,x,3
US,2026-06,TOTCRUDE,CLOSTLV,KL,118184.2081,1
US,2026-06,TOTCRUDE,CLOSTLV,KTONS,100372.0000,1
US,2026-06,TOTCRUDE,DIRECUSE,CONVBBL,9667.0000,3
US,2026-06,TOTCRUDE,DIRECUSE,KBBL,0.0000,3
US,2026-06,TOTCRUDE,DIRECUSE,KBD,0.0000,3
US,2026-06,TOTCRUDE,DIRECUSE,KL,0.0000,3
US,2026-06,TOTCRUDE,DIRECUSE,KTONS,0.0000,3
US,2026-06,TOTCRUDE,INDPROD,CONVBBL,8170.0000,3
US,2026-06,TOTCRUDE,INDPROD,KBBL,686807.0000,2
US,2026-06,TOTCRUDE,INDPROD,KBD,22893.5667,2
US,2026-06,TOTCRUDE,INDPROD,KL,109189.2222,2
US,2026-06,TOTCRUDE,INDPROD,KTONS,84061.0000,2
US,2026-06,TOTCRUDE,OSOURCES,CONVBBL,7400.0000,3
US,2026-06,TOTCRUDE,OSOURCES,KBBL,0.0000,3
US,2026-06,TOTCRUDE,OSOURCES,KBD,0.0000,3
US,2026-06,TOTCRUDE,OSOURCES,KL,0.0000,3
US,2026-06,TOTCRUDE,OSOURCES,KTONS,0.0000,3
US,2026-06,TOTCRUDE,REFINOBS,CONVBBL,7400.0000,3
US,2026-06,TOTCRUDE,REFINOBS,KBBL,555723.0000,1
US,2026-06,TOTCRUDE,REFINOBS,KBD,18524.1000,1
US,2026-06,TOTCRUDE,REFINOBS,KL,88353.3976,1
US,2026-06,TOTCRUDE,REFINOBS,KTONS,75098.0000,1
US,2026-06,TOTCRUDE,STATDIFF,CONVBBL,13924.0000,3
US,2026-06,TOTCRUDE,STATDIFF,KBBL,138270.0000,3
US,2026-06,TOTCRUDE,STATDIFF,KBD,4609.0000,3
US,2026-06,TOTCRUDE,STATDIFF,KL,21982.4669,3
US,2026-06,TOTCRUDE,STATDIFF,KTONS,9930.0000,3
US,2026-06,TOTCRUDE,STOCKCH,CONVBBL,7391.0000,3
US,2026-06,TOTCRUDE,STOCKCH,KBBL,29690.0000,1
US,2026-06,TOTCRUDE,STOCKCH,KBD,x,3
US,2026-06,TOTCRUDE,STOCKCH,KL,4720.2847,1
US,2026-06,TOTCRUDE,STOCKCH,KTONS,4017.0000,1
US,2026-06,TOTCRUDE,TOTEXPSB,CONVBBL,7400.0000,3
US,2026-06,TOTCRUDE,TOTEXPSB,KBBL,126699.0000,2
US,2026-06,TOTCRUDE,TOTEXPSB,KBD,4223.3000,2
US,2026-06,TOTCRUDE,TOTEXPSB,KL,20142.9934,2
US,2026-06,TOTCRUDE,TOTEXPSB,KTONS,17121.0000,2
US,2026-06,TOTCRUDE,TOTIMPSB,CONVBBL,7400.0000,3
US,2026-06,TOTCRUDE,TOTIMPSB,KBBL,163575.0000,2
US,2026-06,TOTCRUDE,TOTIMPSB,KBD,5452.5000,2
US,2026-06,TOTCRUDE,TOTIMPSB,KL,26006.7093,2
US,2026-06,TOTCRUDE,TOTIMPSB,KTONS,22105.0000,2
US,2026-06,TOTCRUDE,TRANSBAK,CONVBBL,7418.0000,3
US,2026-06,TOTCRUDE,TRANSBAK,KBBL,0.0000,1
US,2026-06,TOTCRUDE,TRANSBAK,KBD,0.0000,1
US,2026-06,TOTCRUDE,TRANSBAK,KL,0.0000,1
US,2026-06,TOTCRUDE,TRANSBAK,KTONS,0.0000,1
